insert into genres
values 
(1,'rock-n-roll'),
(2,'rock'),
(3,'jazz'),
(4, 'pop'),
(5,'bard');

insert into singers
values
(1,'Юрий Шевчук'),
(2,'Андрей Макаревич'),
(3,'Цой'),
(4,'Сукачев'),
(5,'Басков'),
(6,'Киркоров'),
(7,'Алла Пугачева'),
(8,'Леонтьев');

insert into genres_of_singers(genre_id, singer_id)
values
(1,1),
(1,2),
(1,3),
(1,4),
(2,1),
(2,2),
(3,8),
(3,8),
(4,5),
(4,6),
(4,7),
(4,8),
(5,2);

insert into records
values
(1,'Песни под гитару', 2020),
(2,'Танцевальные песни', 2019),
(3,'Песни для путешественников', 2021),
(4,'Песни для водителей', 2021),
(5,'Песни о любви', 2020),
(6,'Песни о главном', 2020),
(7,'Ретро музыка 2000', 2020),
(8,'Песни для детей', 2019);

insert into records_of_singers(record_id, singer_id)
values
(1,1),
(1,2),
(1,4),
(2,5),
(2,6),
(2,7),
(2,8),
(3,2),
(3,4),
(4,1),
(4,4),
(5,7),
(5,8),
(6,2),
(6,7),
(7,6),
(7,7),
(7,8),
(8,7);

insert into tracks
values
(1,'Мой лес',2,1),
(2,'О любви',2,5),
(3,'Счастье это...',5,1),
(4,'Эх путь дорожка',4,4),
(5,'Крошка моя',7,2),
(6,'Синее море',5,3),
(7,'Я пью до дна',3,6),
(8,'Люблю я макароны',4,7),
(9,'Мой слоник',2,8),
(10,'Изгиб гитары желтой',5,1),
(11,'Пластелиновая ворона',7,8),
(12,'Любите девочки...',7,5),
(13,'Я встретил вас',5,5),
(14,'Синий огонек',7,4),
(15,'Мэри',7,5),
(16,'Застрахуй братуху',5,6);


insert into collections
values
(1,'Рок сборник', 2018),
(2,'Сборник попсы', 2018),
(3,'Танцевальный сборник 2021', 2021),
(4,'Детски сборник 2022', 2022),
(5,'Сбоник рок-н-ролл', 2020),
(6,'Сборник попсы 2022', 2022),
(7,'Танцевальный сборник 2022', 2022),
(8,'Старые песни о главном', 2022);

insert into tracks_of_collections(id_collection,id_track)
values
(1,1),
(1,6),
(1,7),
(2,5),
(2,9),
(2,15),
(3,5),
(3,9),
(3,15),
(4,10),
(4,7),
(4,6),
(5,12),
(5,11),
(5,14),
(6,13),
(6,10),
(6,8),
(7,3),
(7,2),
(7,1),
(8,4),
(8,3),
(8,14);